{"pos": [[1, 6], [2, 0], [2, 6], [3, 0], [2, 5], [4, 0], [1, 6], [5, 0], [0, 6], [6, 0], [0, 5], [7, 0], [0, 4], [7, 1], [0, 3], [7, 2], [0, 2], [7, 1], [0, 1], [6, 1], [0, 0], [6, 2], [0, 1], [6, 3], [1, 1], [6, 2], [1, 2], [5, 2], [2, 2], [5, 3], [3, 2], [5, 4], [4, 2], [4, 4], [4, 3], [4, 5], [5, 3], [4, 4], [4, 3], [3, 4], [3, 3], [3, 3], [2, 7], [2, 0], [3, 7], [2, 1], [4, 7], [3, 1], [5, 7], [4, 1], [6, 7], [3, 1], [7, 7], [3, 2], [7, 6], [3, 3], [7, 5], [2, 0], [7, 6], [3, 0], [6, 6], [3, 1], [6, 5], [3, 2], [5, 5], [3, 3], [5, 6], [2, 0], [4, 6], [3, 0], [3, 6], [3, 1], [3, 5], [3, 2], [3, 6], [3, 3], [3, 5], [2, 0], [3, 6], [3, 0]], "a_eggs_laid": [1, 1, 1, 1, 2, 2, 2, 2, 2, 2, 3, 3, 3, 3, 4, 4, 4, 4, 5, 5, 5, 5, 8, 8, 8, 8, 9, 9, 9, 9, 10, 10, 10, 10, 11, 11, 11, 11, 12, 12, 12, 12, 16, 16, 16, 16, 17, 17, 17, 17, 18, 18, 18, 18, 21, 21, 25, 25, 26, 26, 26, 26, 27, 27, 27, 27, 32, 32, 32, 32, 33, 33, 33, 33, 34, 34, 38, 38, 38, 38], "b_eggs_laid": [0, 1, 1, 1, 1, 6, 6, 6, 6, 7, 7, 7, 7, 10, 10, 10, 10, 11, 11, 11, 11, 12, 12, 12, 12, 13, 13, 13, 13, 14, 14, 14, 14, 15, 15, 15, 15, 16, 16, 16, 16, 21, 21, 21, 21, 21, 21, 22, 22, 22, 22, 23, 23, 23, 23, 24, 24, 24, 24, 24, 24, 24, 24, 24, 24, 24, 24, 24, 24, 24, 24, 24, 24, 24, 24, 24, 24, 24, 24, 24], "a_turds_left": [5, 5, 5, 5, 5, 5, 5, 5, 5, 5, 5, 5, 5, 5, 5, 5, 5, 5, 5, 5, 5, 5, 5, 5, 5, 5, 5, 5, 5, 5, 5, 5, 5, 5, 5, 5, 5, 5, 5, 5, 5, 5, 5, 5, 5, 5, 5, 5, 5, 5, 5, 5, 5, 5, 5, 5, 5, 5, 5, 5, 5, 5, 5, 5, 5, 5, 5, 5, 5, 5, 5, 5, 5, 5, 5, 5, 4, 4, 4, 4], "b_turds_left": [5, 5, 5, 4, 4, 4, 4, 3, 3, 3, 3, 2, 2, 2, 2, 1, 1, 1, 1, 1, 1, 1, 1, 0, 0, 0, 0, 0, 0, 0, 0, 0, 0, 0, 0, 0, 0, 0, 0, 0, 0, 0, 0, 0, 0, 0, 0, 0, 0, 0, 0, 0, 0, 0, 0, 0, 0, 0, 0, 0, 0, 0, 0, 0, 0, 0, 0, 0, 0, 0, 0, 0, 0, 0, 0, 0, 0, 0, 0, 0], "a_time_left": [339.999763541, 339.999763541, 319.9991167909998, 319.9991167909998, 299.99881354099944, 299.99881354099944, 284.9986157489998, 284.9986157489998, 269.99816024899974, 269.99816024899974, 254.99802674900002, 254.99802674900002, 239.99780499899998, 239.99780499899998, 224.99769587399987, 224.99769587399987, 209.9963015819999, 209.9963015819999, 194.9961092069998, 194.9961092069998, 179.99592141599987, 179.99592141599987, 164.9957568320001, 164.9957568320001, 149.99546104, 149.99546104, 139.99528358099997, 139.99528358099997, 129.99507599800017, 129.99507599800017, 119.99486795700022, 119.99486795700022, 109.9945969979999, 109.9945969979999, 99.99442108099993, 99.99442108099993, 89.99426849700012, 89.99426849700012, 79.99414116400021, 79.99414116400021, 70.39469508000002, 70.39469508000002, 61.947170496000126, 61.947170496000126, 54.51332141200055, 54.51332141200055, 47.97147253700041, 47.97147253700041, 42.214756328000476, 42.214756328000476, 37.14886816100079, 37.14886816100079, 32.690835995000725, 32.690835995000725, 28.767759911000667, 28.767759911000667, 25.315498411001045, 25.315498411001045, 22.27746062000142, 22.27746062000142, 19.604044495001745, 19.604044495001745, 17.251459912001792, 17.251459912001792, 15.1811354950014, 15.1811354950014, 13.359287662001407, 13.359287662001407, 11.756043454001428, 11.756043454001428, 10.345150079001542, 10.345150079001542, 9.103582079001626, 9.103582079001626, 8.011075746001552, 8.011075746001552, 7.91447503800191, 7.91447503800191, 7.905614538001828, 7.905614538001828], "b_time_left": [360, 344.99927354099964, 344.99927354099964, 329.9988908329997, 329.9988908329997, 314.9986977079998, 314.9986977079998, 299.9984228329995, 299.9984228329995, 284.9982625409998, 284.9982625409998, 269.99799462400006, 269.99799462400006, 254.99787474899995, 254.99787474899995, 239.9974937080001, 239.9974937080001, 224.99714625000024, 224.99714625000024, 209.99695487500003, 209.99695487500003, 194.99661020799977, 194.99661020799977, 179.9963440829997, 179.9963440829997, 164.99616433299934, 164.99616433299934, 149.99591337399943, 149.99591337399943, 134.99619204099918, 134.99619204099918, 121.49626158299952, 121.49626158299952, 109.34645120799951, 109.34645120799951, 98.41167629099937, 98.41167629099937, 88.5703865409996, 88.5703865409996, 79.71294829099952, 79.71294829099952, 71.7413739159997, 71.7413739159997, 64.56709024999964, 64.56709024999964, 58.110085624999556, 58.110085624999556, 52.29885170799935, 52.29885170799935, 47.06884824899953, 47.06884824899953, 42.36184424899966, 42.36184424899966, 38.12541708199933, 38.12541708199933, 34.31273708199933, 34.31273708199933, 30.881245498999306, 30.881245498999306, 27.79297508199943, 27.79297508199943, 25.01350633199945, 25.01350633199945, 22.511988081999334, 22.511988081999334, 20.260669623999092, 20.260669623999092, 18.234491456998967, 18.234491456998967, 16.4108642899987, 16.4108642899987, 14.76961924799889, 14.76961924799889, 13.292554580998967, 13.292554580998967, 13.099919038998905, 13.099919038998905, 13.094313079998756, 13.094313079998756, 13.091823787998692], "a_moves_left": [39, 39, 38, 38, 37, 37, 36, 36, 35, 35, 34, 34, 33, 33, 32, 32, 31, 31, 30, 30, 29, 29, 28, 28, 27, 27, 26, 26, 25, 25, 24, 24, 23, 23, 22, 22, 21, 21, 20, 20, 19, 19, 18, 18, 17, 17, 16, 16, 15, 15, 14, 14, 13, 13, 12, 12, 11, 11, 10, 10, 9, 9, 8, 8, 7, 7, 6, 6, 5, 5, 4, 4, 3, 3, 2, 2, 1, 1, 0, 0], "b_moves_left": [40, 39, 39, 38, 38, 37, 37, 36, 36, 35, 35, 34, 34, 33, 33, 32, 32, 31, 31, 30, 30, 29, 29, 28, 28, 27, 27, 26, 26, 25, 25, 24, 24, 23, 23, 22, 22, 21, 21, 20, 20, 19, 19, 18, 18, 17, 17, 16, 16, 15, 15, 14, 14, 13, 13, 12, 12, 11, 11, 10, 10, 9, 9, 8, 8, 7, 7, 6, 6, 5, 5, 4, 4, 3, 3, 2, 2, 1, 1, 0], "trapdoor_triggered": [0, 0, 0, 0, 1, 0, 0, 0, 0, 0, 0, 0, 0, 0, 0, 0, 0, 0, 0, 0, 0, 0, 0, 0, 0, 0, 0, 0, 0, 0, 0, 0, 0, 0, 0, 0, 0, 0, 0, 0, 1, 1, 0, 0, 0, 0, 0, 0, 0, 0, 0, 0, 0, 0, 0, 1, 0, 0, 0, 0, 0, 0, 0, 0, 0, 1, 0, 0, 0, 0, 0, 0, 0, 0, 0, 1, 0, 0, 0, 0], "left_behind": ["egg", "egg", "plain", "turd", "egg", "egg", "plain", "turd", "plain", "egg", "egg", "turd", "plain", "egg", "egg", "turd", "plain", "egg", "egg", "plain", "plain", "egg", "egg", "turd", "plain", "egg", "egg", "plain", "plain", "egg", "egg", "plain", "plain", "egg", "egg", "plain", "plain", "egg", "egg", "plain", "plain", "egg", "plain", "plain", "plain", "plain", "egg", "egg", "plain", "plain", "egg", "egg", "plain", "plain", "egg", "egg", "plain", "plain", "egg", "plain", "plain", "plain", "egg", "plain", "plain", "plain", "egg", "plain", "plain", "plain", "egg", "plain", "plain", "plain", "egg", "plain", "turd", "plain", "plain", "plain"], "errlog_a": "", "errlog_b": "", "start_time": 360, "start_moves": 40, "turn_count": 80, "result": 0, "reason": "EGGS_LAID", "trapdoors": [[3, 3], [2, 5]], "spawn_a": [1, 7], "spawn_b": [1, 0]}