{"pos": [[1, 0], [1, 7], [0, 0], [2, 7], [1, 0], [3, 7], [1, 1], [2, 7], [2, 1], [2, 6], [3, 1], [1, 6], [3, 0], [1, 7], [4, 0], [0, 7], [5, 0], [1, 7], [6, 0], [1, 6], [7, 0], [2, 6], [7, 1], [1, 6], [7, 2], [1, 5], [7, 3], [2, 5], [7, 4], [2, 6], [7, 5], [2, 5], [7, 6], [2, 4], [7, 7], [2, 5], [7, 6], [2, 6], [6, 6], [2, 5], [6, 5], [1, 5], [6, 4], [0, 5], [6, 3], [0, 6], [6, 2], [1, 6], [6, 1], [0, 6], [5, 1], [0, 7], [5, 2], [1, 7], [5, 3], [2, 7], [5, 4], [3, 7], [4, 4], [2, 7], [4, 3], [1, 7], [3, 3], [0, 7], [3, 2], [1, 7], [2, 2], [1, 6], [2, 3], [1, 7], [3, 0], [0, 7], [4, 0], [1, 7], [5, 0], [1, 6], [6, 0], [0, 6], [7, 0], [0, 7]], "a_eggs_laid": [1, 1, 1, 1, 4, 4, 4, 4, 5, 5, 5, 5, 6, 6, 6, 6, 7, 7, 7, 7, 8, 8, 8, 8, 9, 9, 9, 9, 10, 10, 10, 10, 11, 11, 11, 11, 14, 14, 14, 14, 15, 15, 15, 15, 16, 16, 16, 16, 17, 17, 17, 17, 18, 18, 18, 18, 19, 19, 19, 19, 20, 20, 20, 20, 21, 21, 21, 21, 22, 22, 22, 22, 22, 22, 22, 22, 22, 22, 22, 22], "b_eggs_laid": [0, 0, 0, 0, 0, 1, 1, 1, 1, 1, 1, 1, 1, 1, 1, 1, 1, 1, 1, 1, 1, 1, 1, 1, 1, 1, 1, 1, 1, 2, 2, 2, 2, 2, 2, 2, 2, 2, 2, 2, 2, 2, 2, 2, 2, 3, 3, 3, 3, 3, 3, 3, 3, 3, 3, 3, 3, 3, 3, 3, 3, 3, 3, 3, 3, 3, 3, 3, 3, 7, 7, 7, 7, 7, 7, 7, 7, 7, 7, 7], "a_turds_left": [5, 5, 5, 5, 5, 5, 5, 5, 5, 5, 5, 5, 5, 5, 5, 5, 5, 5, 5, 5, 5, 5, 5, 5, 5, 5, 5, 5, 5, 5, 5, 5, 5, 5, 5, 5, 5, 5, 5, 5, 5, 5, 5, 5, 5, 5, 5, 5, 5, 5, 5, 5, 5, 5, 5, 5, 5, 5, 5, 5, 5, 5, 5, 5, 5, 5, 5, 5, 5, 5, 5, 5, 4, 4, 4, 4, 3, 3, 3, 3], "b_turds_left": [5, 5, 5, 5, 5, 5, 5, 5, 5, 5, 5, 5, 5, 5, 5, 4, 4, 3, 3, 3, 3, 2, 2, 1, 1, 1, 1, 0, 0, 0, 0, 0, 0, 0, 0, 0, 0, 0, 0, 0, 0, 0, 0, 0, 0, 0, 0, 0, 0, 0, 0, 0, 0, 0, 0, 0, 0, 0, 0, 0, 0, 0, 0, 0, 0, 0, 0, 0, 0, 0, 0, 0, 0, 0, 0, 0, 0, 0, 0, 0], "a_time_left": [339.99972766699966, 339.99972766699966, 319.99954125099975, 319.99954125099975, 299.9992687929998, 299.9992687929998, 284.9991112929997, 284.9991112929997, 269.99899987599974, 269.99899987599974, 254.9987194589994, 254.9987194589994, 239.99852579299977, 239.99852579299977, 224.99829637699986, 224.99829637699986, 209.9979698770003, 209.9979698770003, 194.99765712700037, 194.99765712700037, 179.9974342520004, 179.9974342520004, 164.99714729400057, 164.99714729400057, 149.99686941900018, 149.99686941900018, 139.9965498360002, 139.9965498360002, 129.99631641900032, 129.99631641900032, 119.99607021100019, 119.99607021100019, 109.99583462800001, 109.99583462800001, 99.99552104500026, 99.99552104500026, 89.99513721200037, 89.99513721200037, 79.99490500300044, 79.99490500300044, 70.39525862800019, 70.39525862800019, 61.9475946700004, 61.9475946700004, 54.51368192000018, 54.51368192000018, 47.97186779499998, 47.97186779499998, 42.215019502999894, 42.215019502999894, 37.14898671199944, 37.14898671199944, 32.69096816999945, 32.69096816999945, 28.76783733699949, 28.76783733699949, 25.31544154599942, 25.31544154599942, 22.277395795999382, 22.277395795999382, 19.6040227959993, 19.6040227959993, 17.25132512899927, 17.25132512899927, 15.181031961998997, 15.181031961998997, 13.358980836999308, 13.358980836999308, 11.755698628999198, 11.755698628999198, 10.344838711999273, 10.344838711999273, 9.103228586999649, 9.103228586999649, 8.62825746199951, 8.62825746199951, 8.459315461999267, 8.459315461999267, 8.410441461999199, 8.410441461999199], "b_time_left": [360, 358.46388875, 358.46388875, 356.95815979100007, 356.95815979100007, 355.45422954100013, 355.45422954100013, 353.9494164580001, 353.9494164580001, 352.4436497500001, 352.4436497500001, 350.9384102920003, 350.9384102920003, 349.4330675840001, 349.4330675840001, 347.9266042930003, 347.9266042930003, 346.4208666680006, 346.4208666680006, 344.91461666800024, 344.91461666800024, 343.4089496260003, 343.4089496260003, 341.9032671260002, 341.9032671260002, 340.39768608400027, 340.39768608400027, 338.8919570000003, 338.8919570000003, 337.3860695420003, 337.3860695420003, 335.8804672920005, 335.8804672920005, 334.3748026670005, 334.3748026670005, 332.8683970420002, 332.8683970420002, 331.3619535830003, 331.3619535830003, 329.85648362400025, 329.85648362400025, 328.35095312400017, 328.35095312400017, 326.84532762399976, 326.84532762399976, 325.3398772069995, 325.3398772069995, 323.8344404989998, 323.8344404989998, 322.32880895699964, 322.32880895699964, 320.8235308739995, 320.8235308739995, 319.31996995799955, 319.31996995799955, 317.8145580419996, 317.8145580419996, 316.30887245899976, 316.30887245899976, 314.8036015419998, 314.8036015419998, 313.2980287919995, 313.2980287919995, 311.7927995829996, 311.7927995829996, 310.2871868329994, 310.2871868329994, 308.78164333299947, 308.78164333299947, 307.27636791599934, 307.27636791599934, 305.77071162499897, 305.77071162499897, 304.26524870799904, 304.26524870799904, 302.75974083299934, 302.75974083299934, 301.2540664159992, 301.2540664159992, 299.74839633299916], "a_moves_left": [39, 39, 38, 38, 37, 37, 36, 36, 35, 35, 34, 34, 33, 33, 32, 32, 31, 31, 30, 30, 29, 29, 28, 28, 27, 27, 26, 26, 25, 25, 24, 24, 23, 23, 22, 22, 21, 21, 20, 20, 19, 19, 18, 18, 17, 17, 16, 16, 15, 15, 14, 14, 13, 13, 12, 12, 11, 11, 10, 10, 9, 9, 8, 8, 7, 7, 6, 6, 5, 5, 4, 4, 3, 3, 2, 2, 1, 1, 0, 0], "b_moves_left": [40, 39, 39, 38, 38, 37, 37, 36, 36, 35, 35, 34, 34, 33, 33, 32, 32, 31, 31, 30, 30, 29, 29, 28, 28, 27, 27, 26, 26, 25, 25, 24, 24, 23, 23, 22, 22, 21, 21, 20, 20, 19, 19, 18, 18, 17, 17, 16, 16, 15, 15, 14, 14, 13, 13, 12, 12, 11, 11, 10, 10, 9, 9, 8, 8, 7, 7, 6, 6, 5, 5, 4, 4, 3, 3, 2, 2, 1, 1, 0], "trapdoor_triggered": [0, 0, 0, 0, 0, 0, 0, 0, 0, 0, 0, 0, 0, 0, 0, 0, 0, 0, 0, 0, 0, 0, 0, 0, 0, 0, 0, 0, 0, 0, 0, 0, 0, 0, 0, 0, 0, 0, 0, 0, 0, 0, 0, 0, 0, 0, 0, 0, 0, 0, 0, 0, 0, 0, 0, 0, 0, 0, 0, 0, 0, 0, 0, 0, 0, 0, 0, 0, 1, 0, 0, 0, 0, 0, 0, 0, 0, 0, 0, 0], "left_behind": ["egg", "plain", "plain", "plain", "egg", "egg", "plain", "plain", "egg", "plain", "plain", "plain", "egg", "plain", "plain", "turd", "egg", "turd", "plain", "plain", "egg", "turd", "plain", "turd", "egg", "plain", "plain", "turd", "egg", "egg", "plain", "plain", "egg", "plain", "plain", "plain", "egg", "plain", "plain", "plain", "egg", "plain", "plain", "plain", "egg", "egg", "plain", "plain", "egg", "plain", "plain", "plain", "egg", "plain", "plain", "plain", "egg", "plain", "plain", "plain", "egg", "plain", "plain", "plain", "egg", "plain", "plain", "plain", "egg", "plain", "plain", "plain", "turd", "plain", "plain", "plain", "turd", "plain", "plain", "plain"], "errlog_a": "", "errlog_b": "", "start_time": 360, "start_moves": 40, "turn_count": 80, "result": 0, "reason": "EGGS_LAID", "trapdoors": [[5, 5], [2, 3]], "spawn_a": [2, 0], "spawn_b": [2, 7]}