{"pos": [[2, 1], [2, 6], [3, 1], [2, 5], [2, 1], [3, 7], [2, 2], [2, 7], [2, 1], [2, 6], [2, 2], [2, 5], [2, 1], [3, 7], [2, 2], [4, 7], [2, 1], [5, 7], [2, 2], [6, 7], [2, 1], [5, 7], [2, 2], [6, 7], [2, 1], [6, 6], [2, 2], [6, 5], [2, 1], [5, 5], [2, 2], [5, 4], [2, 1], [5, 5], [2, 2], [5, 6], [2, 1], [5, 5], [2, 2], [5, 6], [2, 1], [5, 5], [2, 2], [5, 6], [2, 1], [5, 5], [2, 2], [6, 5], [2, 1], [5, 5], [2, 2], [6, 5], [2, 1], [7, 5], [2, 2], [7, 6], [2, 1], [7, 7], [2, 2], [6, 7], [2, 1], [5, 7], [2, 2], [5, 6], [2, 1], [5, 7], [2, 2], [4, 7], [2, 1], [3, 7], [2, 2], [3, 6], [2, 1], [2, 6], [2, 2], [2, 7], [2, 1], [3, 7], [2, 0], [4, 7]], "a_eggs_laid": [1, 1, 1, 1, 6, 6, 6, 6, 6, 6, 6, 6, 10, 10, 10, 10, 10, 10, 10, 10, 10, 10, 10, 10, 10, 10, 10, 10, 10, 10, 10, 10, 10, 10, 10, 10, 10, 10, 10, 10, 10, 10, 10, 10, 10, 10, 10, 10, 10, 10, 10, 10, 10, 10, 10, 10, 10, 10, 10, 10, 10, 10, 10, 10, 10, 10, 10, 10, 10, 10, 10, 10, 10, 10, 10, 10, 10, 10, 10, 10], "b_eggs_laid": [0, 1, 1, 1, 1, 1, 1, 5, 5, 5, 5, 9, 9, 9, 9, 13, 13, 14, 14, 18, 18, 18, 18, 22, 22, 23, 23, 27, 27, 27, 27, 31, 31, 31, 31, 35, 35, 35, 35, 39, 39, 39, 39, 43, 43, 43, 43, 47, 47, 47, 47, 51, 51, 51, 51, 55, 55, 56, 56, 60, 60, 60, 60, 64, 64, 64, 64, 68, 68, 68, 68, 72, 72, 73, 73, 77, 77, 77, 77, 77], "a_turds_left": [5, 5, 5, 5, 5, 5, 5, 5, 5, 5, 5, 5, 5, 5, 5, 5, 5, 5, 5, 5, 5, 5, 5, 5, 5, 5, 5, 5, 5, 5, 5, 5, 5, 5, 5, 5, 5, 5, 5, 5, 5, 5, 5, 5, 5, 5, 5, 5, 5, 5, 5, 5, 5, 5, 5, 5, 5, 5, 5, 5, 5, 5, 5, 5, 5, 5, 5, 5, 5, 5, 5, 5, 5, 5, 5, 5, 5, 5, 5, 5], "b_turds_left": [5, 5, 5, 4, 4, 4, 4, 4, 4, 4, 4, 4, 4, 4, 4, 3, 3, 3, 3, 3, 3, 3, 3, 3, 3, 3, 3, 2, 2, 1, 1, 1, 1, 1, 1, 1, 1, 0, 0, 0, 0, 0, 0, 0, 0, 0, 0, 0, 0, 0, 0, 0, 0, 0, 0, 0, 0, 0, 0, 0, 0, 0, 0, 0, 0, 0, 0, 0, 0, 0, 0, 0, 0, 0, 0, 0, 0, 0, 0, 0], "a_time_left": [359.9569597081281, 359.9569597081281, 359.89655320812017, 359.89655320812017, 359.8407224160619, 359.8407224160619, 359.7913162908517, 359.7913162908517, 359.7655634158291, 359.7655634158291, 359.7077449564822, 359.7077449564822, 359.6830697064288, 359.6830697064288, 359.63449103944004, 359.63449103944004, 359.5890665394254, 359.5890665394254, 359.5275933300145, 359.5275933300145, 359.48520887224004, 359.48520887224004, 359.44819637201726, 359.44819637201726, 359.4214244550094, 359.4214244550094, 359.37211207998917, 359.37211207998917, 359.31473762216046, 359.31473762216046, 359.2601611632854, 359.2601611632854, 359.19856174616143, 359.19856174616143, 359.0702384961769, 359.0702384961769, 359.02110574627295, 359.02110574627295, 358.9837439963594, 358.9837439963594, 358.97089532902464, 358.97089532902464, 358.9419172042981, 358.9419172042981, 358.92079787142575, 358.92079787142575, 358.8773365803063, 358.8773365803063, 358.85578128835186, 358.85578128835186, 358.8184934966266, 358.8184934966266, 358.7978772469796, 358.7978772469796, 358.7625476629473, 358.7625476629473, 358.73727291310206, 358.73727291310206, 358.7160639129579, 358.7160639129579, 358.69755282998085, 358.69755282998085, 358.66936732968315, 358.66936732968315, 358.64348903810605, 358.64348903810605, 358.61193341296166, 358.61193341296166, 358.6003216211684, 358.6003216211684, 358.57598532922566, 358.57598532922566, 358.5510248700157, 358.5510248700157, 358.5224097869359, 358.5224097869359, 358.51164603699, 358.51164603699, 358.5043924949132, 358.5043924949132], "b_time_left": [360, 358.47878004191443, 358.47878004191443, 356.9769034590572, 356.9769034590572, 355.47133720899, 355.47133720899, 353.9653387092985, 353.9653387092985, 352.46467245928943, 352.46467245928943, 350.962034793105, 350.962034793105, 349.46025437582284, 349.46025437582284, 347.9596439599991, 347.9596439599991, 346.4558622520417, 346.4558622520417, 344.94873096002266, 344.94873096002266, 343.44195287674665, 343.44195287674665, 341.9355486687273, 341.9355486687273, 340.42721333447844, 340.42721333447844, 338.92169229267165, 338.92169229267165, 337.4146384173073, 337.4146384173073, 335.9094026251696, 335.9094026251696, 334.3992838342674, 334.3992838342674, 332.8914136677049, 332.8914136677049, 331.385755000636, 331.385755000636, 329.87926254281774, 329.87926254281774, 328.3705088766292, 328.3705088766292, 326.8651830018498, 326.8651830018498, 325.3538098768331, 325.3538098768331, 323.8473814604804, 323.8473814604804, 322.34212137712166, 322.34212137712166, 320.83864521048963, 320.83864521048963, 319.333212335594, 319.333212335594, 317.82771487766877, 317.82771487766877, 316.32243062742054, 316.32243062742054, 314.81657875236124, 314.81657875236124, 313.31090396037325, 313.31090396037325, 311.8056053351611, 311.8056053351611, 310.3044554600492, 310.3044554600492, 308.7969282930717, 308.7969282930717, 307.29609983507544, 307.29609983507544, 305.7899405020289, 305.7899405020289, 304.2845459608361, 304.2845459608361, 302.7781875859946, 302.7781875859946, 301.272584753111, 301.272584753111, 299.7669684193097], "a_moves_left": [39, 39, 38, 38, 37, 37, 36, 36, 35, 35, 34, 34, 33, 33, 32, 32, 31, 31, 30, 30, 29, 29, 28, 28, 27, 27, 26, 26, 25, 25, 24, 24, 23, 23, 22, 22, 21, 21, 20, 20, 19, 19, 18, 18, 17, 17, 16, 16, 15, 15, 14, 14, 13, 13, 12, 12, 11, 11, 10, 10, 9, 9, 8, 8, 7, 7, 6, 6, 5, 5, 4, 4, 3, 3, 2, 2, 1, 1, 0, 0], "b_moves_left": [40, 39, 39, 38, 38, 37, 37, 36, 36, 35, 35, 34, 34, 33, 33, 32, 32, 31, 31, 30, 30, 29, 29, 28, 28, 27, 27, 26, 26, 25, 25, 24, 24, 23, 23, 22, 22, 21, 21, 20, 20, 19, 19, 18, 18, 17, 17, 16, 16, 15, 15, 14, 14, 13, 13, 12, 12, 11, 11, 10, 10, 9, 9, 8, 8, 7, 7, 6, 6, 5, 5, 4, 4, 3, 3, 2, 2, 1, 1, 0], "trapdoor_triggered": [0, 0, 0, 1, 0, 0, 1, 0, 0, 0, 1, 1, 0, 0, 1, 0, 0, 0, 1, 0, 0, 0, 1, 0, 0, 0, 1, 0, 0, 0, 1, 0, 0, 0, 1, 0, 0, 0, 1, 0, 0, 0, 1, 0, 0, 0, 1, 0, 0, 0, 1, 0, 0, 0, 1, 0, 0, 0, 1, 0, 0, 0, 1, 0, 0, 0, 1, 0, 0, 0, 1, 0, 0, 0, 1, 0, 0, 0, 0, 0], "left_behind": ["egg", "egg", "plain", "turd", "egg", "plain", "plain", "plain", "plain", "plain", "plain", "plain", "plain", "plain", "plain", "turd", "plain", "egg", "plain", "plain", "plain", "plain", "plain", "plain", "plain", "egg", "plain", "turd", "plain", "turd", "plain", "plain", "plain", "plain", "plain", "plain", "plain", "turd", "plain", "plain", "plain", "plain", "plain", "plain", "plain", "plain", "plain", "plain", "plain", "plain", "plain", "plain", "plain", "plain", "plain", "plain", "plain", "egg", "plain", "plain", "plain", "plain", "plain", "plain", "plain", "plain", "plain", "plain", "plain", "plain", "plain", "plain", "plain", "egg", "plain", "plain", "plain", "plain", "plain", "plain"], "errlog_a": "", "errlog_b": "", "start_time": 360, "start_moves": 40, "turn_count": 80, "result": 1, "reason": "EGGS_LAID", "trapdoors": [[2, 2], [2, 5]], "spawn_a": [2, 0], "spawn_b": [2, 7]}