{"pos": [[5, 0], [5, 7], [4, 0], [5, 6], [3, 0], [4, 6], [2, 0], [4, 5], [3, 0]], "a_eggs_laid": [1, 1, 1, 1, 2, 2, 2, 2, 2], "b_eggs_laid": [0, 0, 0, 0, 0, 1, 1, 1, 1], "a_turds_left": [5, 5, 5, 5, 5, 5, 4, 4, 4], "b_turds_left": [5, 4, 4, 3, 3, 3, 3, 2, 2], "a_time_left": [358.48286266694777, 358.48286266694777, 356.97764679207467, 356.97764679207467, 355.4723837079946, 355.4723837079946, 353.9662353328895, 353.9662353328895, 352.45832012500614], "b_time_left": [360, 358.4692479581572, 358.4692479581572, 356.96428395807743, 356.96428395807743, 355.45879550022073, 355.45879550022073, 353.95478000026196, 353.95478000026196], "a_moves_left": [39, 39, 38, 38, 37, 37, 36, 36, 35], "b_moves_left": [40, 39, 39, 38, 38, 37, 37, 36, 36], "trapdoor_triggered": [0, 0, 0, 0, 0, 0, 0, 0, 0], "left_behind": ["egg", "turd", "plain", "turd", "egg", "egg", "turd", "turd", "plain"], "errlog_a": "", "errlog_b": "Timeout", "start_time": 360, "start_moves": 40, "turn_count": 9, "result": 0, "reason": "CODE_CRASH", "trapdoors": [[2, 2], [5, 2]], "spawn_a": [6, 0], "spawn_b": [6, 7]}