{"pos": [[0, 5], [7, 7], [0, 4], [6, 7], [0, 3], [6, 6], [0, 2], [5, 6], [0, 1], [5, 5], [0, 0], [5, 4], [1, 0], [4, 4], [2, 0], [6, 6], [3, 0], [7, 6], [4, 0], [6, 6], [5, 0], [7, 6], [6, 0], [6, 6], [7, 0], [6, 5], [7, 1], [7, 5], [7, 0], [7, 6], [7, 1], [7, 5], [7, 0], [7, 6], [7, 1], [7, 7], [7, 0], [6, 7], [7, 1], [5, 7], [7, 0], [5, 6], [7, 1], [6, 6], [7, 0], [6, 7], [7, 1], [6, 6], [7, 0], [7, 6], [7, 1], [7, 7], [7, 0], [6, 7], [7, 1], [5, 7], [7, 0], [5, 6], [7, 1], [5, 7], [7, 0], [4, 7], [7, 1], [5, 7], [7, 0], [5, 6], [7, 1], [5, 7], [7, 0], [6, 7], [7, 1], [7, 7], [7, 0], [7, 6], [7, 1], [7, 7], [7, 0], [7, 6], [7, 1], [7, 7]], "a_eggs_laid": [0, 0, 0, 0, 0, 0, 0, 0, 0, 0, 0, 0, 0, 0, 4, 4, 4, 4, 4, 4, 4, 4, 4, 4, 4, 4, 4, 4, 4, 4, 4, 4, 4, 4, 4, 4, 4, 4, 4, 4, 4, 4, 4, 4, 4, 4, 4, 4, 4, 4, 4, 4, 4, 4, 4, 4, 4, 4, 4, 4, 4, 4, 4, 4, 4, 4, 4, 4, 4, 4, 4, 4, 4, 4, 4, 4, 4, 4, 4, 4], "b_eggs_laid": [0, 0, 0, 0, 0, 0, 0, 0, 0, 1, 1, 1, 1, 1, 1, 1, 1, 1, 1, 2, 2, 2, 2, 2, 2, 2, 2, 3, 3, 3, 3, 3, 3, 3, 3, 3, 3, 3, 3, 3, 3, 3, 3, 3, 3, 3, 3, 3, 3, 3, 3, 3, 3, 3, 3, 3, 3, 3, 3, 3, 3, 3, 3, 3, 3, 3, 3, 3, 3, 3, 3, 3, 3, 3, 3, 3, 3, 3, 3, 3], "a_turds_left": [5, 5, 5, 5, 5, 5, 5, 5, 5, 5, 5, 5, 5, 5, 5, 5, 5, 5, 5, 5, 5, 5, 5, 5, 5, 5, 5, 5, 5, 5, 5, 5, 5, 5, 5, 5, 5, 5, 5, 5, 5, 5, 5, 5, 5, 5, 5, 5, 5, 5, 5, 5, 5, 5, 5, 5, 5, 5, 5, 5, 5, 5, 5, 5, 5, 5, 5, 5, 5, 5, 5, 5, 5, 5, 5, 5, 5, 5, 5, 5], "b_turds_left": [5, 5, 5, 5, 5, 4, 4, 3, 3, 3, 3, 3, 3, 3, 3, 3, 3, 3, 3, 3, 3, 3, 3, 3, 3, 3, 3, 3, 3, 3, 3, 3, 3, 2, 2, 2, 2, 2, 2, 2, 2, 1, 1, 1, 1, 1, 1, 1, 1, 1, 1, 1, 1, 1, 1, 1, 1, 1, 1, 1, 1, 1, 1, 1, 1, 1, 1, 1, 1, 1, 1, 1, 1, 0, 0, 0, 0, 0, 0, 0], "a_time_left": [359.9997105000002, 359.9997105000002, 359.9995518750002, 359.9995518750002, 359.99929333299997, 359.99929333299997, 359.99906191599985, 359.99906191599985, 359.9989542909998, 359.9989542909998, 359.9987781660002, 359.9987781660002, 359.99861804100055, 359.99861804100055, 359.9983795820008, 359.9983795820008, 359.9982013740005, 359.9982013740005, 359.99805249900055, 359.99805249900055, 359.99775558200054, 359.99775558200054, 359.99764866500027, 359.99764866500027, 359.99756324800046, 359.99756324800046, 359.9973863730006, 359.9973863730006, 359.9972458310008, 359.9972458310008, 359.99708987200074, 359.99708987200074, 359.99682128900076, 359.99682128900076, 359.99674491400083, 359.99674491400083, 359.99666499700106, 359.99666499700106, 359.9964865390011, 359.9964865390011, 359.99630166400084, 359.99630166400084, 359.99613670600047, 359.99613670600047, 359.9959679980002, 359.9959679980002, 359.9958227060001, 359.9958227060001, 359.9955677470002, 359.9955677470002, 359.9953342880003, 359.9953342880003, 359.9950390380004, 359.9950390380004, 359.99490020500025, 359.99490020500025, 359.99472833000027, 359.99472833000027, 359.99458249700047, 359.99458249700047, 359.9945054970003, 359.9945054970003, 359.9943639970006, 359.9943639970006, 359.99404712200067, 359.99404712200067, 359.99389016400073, 359.99389016400073, 359.99381120500084, 359.99381120500084, 359.993700121001, 359.993700121001, 359.9936212040011, 359.9936212040011, 359.993529579001, 359.993529579001, 359.9932563710013, 359.9932563710013, 359.993129287001, 359.993129287001], "b_time_left": [360, 358.47100712500014, 358.47100712500014, 356.96530954200034, 356.96530954200034, 355.4619579580003, 355.4619579580003, 353.9566157490003, 353.9566157490003, 352.4510018330002, 352.4510018330002, 350.9455613330001, 350.9455613330001, 349.4400025830005, 349.4400025830005, 347.93456524900057, 347.93456524900057, 346.4290165400007, 346.4290165400007, 344.9233848730005, 344.9233848730005, 343.41981833100044, 343.41981833100044, 341.91462837300014, 341.91462837300014, 340.4089805399999, 340.4089805399999, 338.903394123, 338.903394123, 337.39771187299993, 337.39771187299993, 335.89199466499986, 335.89199466499986, 334.3868975399996, 334.3868975399996, 332.88359120599944, 332.88359120599944, 331.37813978899976, 331.37813978899976, 329.8724182049996, 329.8724182049996, 328.36686670499967, 328.36686670499967, 326.8616040389993, 326.8616040389993, 325.3592350809995, 325.3592350809995, 323.85355387199934, 323.85355387199934, 322.3479626219996, 322.3479626219996, 320.84554349699965, 320.84554349699965, 319.33999703799964, 319.33999703799964, 317.83441870499973, 317.83441870499973, 316.3290440390001, 316.3290440390001, 314.8279215389998, 314.8279215389998, 313.32263783100007, 313.32263783100007, 311.8170006229998, 311.8170006229998, 310.31146970599957, 310.31146970599957, 308.80624995599965, 308.80624995599965, 307.30097495599966, 307.30097495599966, 305.79733191399964, 305.79733191399964, 304.2921097059998, 304.2921097059998, 302.7865045389999, 302.7865045389999, 301.281638081, 301.281638081, 299.78089787299996], "a_moves_left": [39, 39, 38, 38, 37, 37, 36, 36, 35, 35, 34, 34, 33, 33, 32, 32, 31, 31, 30, 30, 29, 29, 28, 28, 27, 27, 26, 26, 25, 25, 24, 24, 23, 23, 22, 22, 21, 21, 20, 20, 19, 19, 18, 18, 17, 17, 16, 16, 15, 15, 14, 14, 13, 13, 12, 12, 11, 11, 10, 10, 9, 9, 8, 8, 7, 7, 6, 6, 5, 5, 4, 4, 3, 3, 2, 2, 1, 1, 0, 0], "b_moves_left": [40, 39, 39, 38, 38, 37, 37, 36, 36, 35, 35, 34, 34, 33, 33, 32, 32, 31, 31, 30, 30, 29, 29, 28, 28, 27, 27, 26, 26, 25, 25, 24, 24, 23, 23, 22, 22, 21, 21, 20, 20, 19, 19, 18, 18, 17, 17, 16, 16, 15, 15, 14, 14, 13, 13, 12, 12, 11, 11, 10, 10, 9, 9, 8, 8, 7, 7, 6, 6, 5, 5, 4, 4, 3, 3, 2, 2, 1, 1, 0], "trapdoor_triggered": [0, 0, 0, 0, 0, 0, 0, 0, 0, 0, 0, 0, 0, 1, 0, 0, 0, 0, 0, 0, 0, 0, 0, 0, 0, 0, 0, 0, 0, 0, 0, 0, 0, 0, 0, 0, 0, 0, 0, 0, 0, 0, 0, 0, 0, 0, 0, 0, 0, 0, 0, 0, 0, 0, 0, 0, 0, 0, 0, 0, 0, 0, 0, 0, 0, 0, 0, 0, 0, 0, 0, 0, 0, 0, 0, 0, 0, 0, 0, 0], "left_behind": ["plain", "plain", "plain", "plain", "plain", "turd", "plain", "turd", "plain", "egg", "plain", "plain", "plain", "plain", "plain", "plain", "plain", "plain", "plain", "egg", "plain", "plain", "plain", "plain", "plain", "plain", "plain", "egg", "plain", "plain", "plain", "plain", "plain", "turd", "plain", "plain", "plain", "plain", "plain", "plain", "plain", "turd", "plain", "plain", "plain", "plain", "plain", "plain", "plain", "plain", "plain", "plain", "plain", "plain", "plain", "plain", "plain", "plain", "plain", "plain", "plain", "plain", "plain", "plain", "plain", "plain", "plain", "plain", "plain", "plain", "plain", "plain", "plain", "turd", "plain", "plain", "plain", "plain", "plain", "plain"], "errlog_a": "", "errlog_b": "", "start_time": 360, "start_moves": 40, "turn_count": 80, "result": 0, "reason": "EGGS_LAID", "trapdoors": [[4, 4], [3, 4]], "spawn_a": [0, 6], "spawn_b": [7, 6]}