{"pos": [[0, 3], [7, 3], [1, 3], [6, 3], [0, 3], [5, 3], [0, 2], [5, 4], [0, 1], [5, 5], [0, 2], [5, 4], [1, 2], [6, 4], [2, 2], [6, 3], [1, 2], [6, 4], [0, 2], [6, 5], [1, 2], [5, 5], [2, 2], [5, 4], [3, 2], [4, 4], [2, 2], [7, 3], [3, 2], [6, 3], [3, 3], [6, 4], [3, 2], [6, 5], [3, 1], [6, 6], [4, 1], [7, 6], [4, 0], [7, 5], [3, 0], [6, 5], [4, 0], [6, 6], [5, 0], [6, 5], [5, 1], [6, 4], [4, 1], [6, 5], [4, 2], [7, 5], [3, 2], [7, 4], [2, 2], [7, 3], [3, 2], [7, 4], [3, 3]], "a_eggs_laid": [0, 0, 0, 0, 0, 0, 0, 0, 0, 0, 0, 0, 0, 0, 0, 0, 0, 0, 0, 0, 0, 0, 0, 0, 0, 0, 4, 4, 4, 4, 4, 4, 4, 4, 4, 4, 4, 4, 4, 4, 4, 4, 4, 4, 5, 5, 5, 5, 6, 6, 6, 6, 6, 6, 6, 6, 6, 6, 6], "b_eggs_laid": [0, 0, 0, 0, 0, 1, 1, 1, 1, 1, 1, 1, 1, 2, 2, 2, 2, 2, 2, 2, 2, 2, 2, 2, 2, 2, 2, 2, 2, 2, 2, 2, 2, 2, 2, 2, 2, 2, 2, 3, 3, 3, 3, 3, 3, 3, 3, 3, 3, 3, 3, 3, 3, 3, 3, 4, 4, 4, 4], "a_turds_left": [4, 4, 4, 4, 3, 3, 3, 3, 3, 3, 3, 3, 3, 3, 3, 3, 2, 2, 2, 2, 2, 2, 2, 2, 2, 2, 2, 2, 2, 2, 1, 1, 0, 0, 0, 0, 0, 0, 0, 0, 0, 0, 0, 0, 0, 0, 0, 0, 0, 0, 0, 0, 0, 0, 0, 0, 0, 0, 0], "b_turds_left": [5, 5, 5, 5, 5, 5, 5, 4, 4, 4, 4, 4, 4, 4, 4, 3, 3, 3, 3, 3, 3, 2, 2, 1, 1, 1, 1, 0, 0, 0, 0, 0, 0, 0, 0, 0, 0, 0, 0, 0, 0, 0, 0, 0, 0, 0, 0, 0, 0, 0, 0, 0, 0, 0, 0, 0, 0, 0, 0], "a_time_left": [358.4803973750677, 358.4803973750677, 356.9749103342183, 356.9749103342183, 355.46896283421665, 355.46896283421665, 353.96322462614626, 353.96322462614626, 352.4575929590501, 352.4575929590501, 350.9546777920332, 350.9546777920332, 349.4495210009627, 349.4495210009627, 347.9442002091091, 347.9442002091091, 346.4389838760253, 346.4389838760253, 344.93287791800685, 344.93287791800685, 343.42938741785474, 343.42938741785474, 341.92412491794676, 341.92412491794676, 340.42314066784456, 340.42314066784456, 338.9168361679185, 338.9168361679185, 337.4067126677837, 337.4067126677837, 335.90109570976347, 335.90109570976347, 334.39578070957214, 334.39578070957214, 332.8898817936424, 332.8898817936424, 331.38430554349907, 331.38430554349907, 329.87970275245607, 329.87970275245607, 328.37750971131027, 328.37750971131027, 326.87548029539175, 326.87548029539175, 325.3701890455559, 325.3701890455559, 323.86411283747293, 323.86411283747293, 322.3603977954481, 322.3603977954481, 320.8580769205, 320.8580769205, 319.35712625365704, 319.35712625365704, 317.8505782536231, 317.8505782536231, 316.3443446706515, 316.3443446706515, 314.83777804579586], "b_time_left": [360, 358.4743013330735, 358.4743013330735, 356.96831054100767, 356.96831054100767, 355.4626109160017, 355.4626109160017, 353.9581491239369, 353.9581491239369, 352.45759116485715, 352.45759116485715, 350.95292958198115, 350.95292958198115, 349.4476843730081, 349.4476843730081, 347.9420766229741, 347.9420766229741, 346.4410732889082, 346.4410732889082, 344.9355699548032, 344.9355699548032, 343.4294344969094, 343.4294344969094, 341.9182974558789, 341.9182974558789, 340.4132947057951, 340.4132947057951, 338.9068202888593, 338.9068202888593, 337.40085933101363, 337.40085933101363, 335.8952069140505, 335.8952069140505, 334.38882099697366, 334.38882099697366, 332.8835512890946, 332.8835512890946, 331.3770074970089, 331.3770074970089, 329.8714700799901, 329.8714700799901, 328.3678026639391, 328.3678026639391, 326.86252699699253, 326.86252699699253, 325.3570919551421, 325.3570919551421, 323.85401633009315, 323.85401633009315, 322.35029008006677, 322.35029008006677, 320.84515687217936, 320.84515687217936, 319.3434406220913, 319.3434406220913, 317.83996962197125, 317.83996962197125, 316.3373162050266, 316.3373162050266], "a_moves_left": [39, 39, 38, 38, 37, 37, 36, 36, 35, 35, 34, 34, 33, 33, 32, 32, 31, 31, 30, 30, 29, 29, 28, 28, 27, 27, 26, 26, 25, 25, 24, 24, 23, 23, 22, 22, 21, 21, 20, 20, 19, 19, 18, 18, 17, 17, 16, 16, 15, 15, 14, 14, 13, 13, 12, 12, 11, 11, 10], "b_moves_left": [40, 39, 39, 38, 38, 37, 37, 36, 36, 35, 35, 34, 34, 33, 33, 32, 32, 31, 31, 30, 30, 29, 29, 28, 28, 27, 27, 26, 26, 25, 25, 24, 24, 23, 23, 22, 22, 21, 21, 20, 20, 19, 19, 18, 18, 17, 17, 16, 16, 15, 15, 14, 14, 13, 13, 12, 12, 11, 11], "trapdoor_triggered": [0, 0, 0, 0, 0, 0, 0, 0, 0, 0, 0, 0, 0, 0, 0, 0, 0, 0, 0, 0, 0, 0, 0, 0, 0, 1, 0, 0, 0, 0, 0, 0, 0, 0, 0, 0, 0, 0, 0, 0, 0, 0, 0, 0, 0, 0, 0, 0, 0, 0, 0, 0, 0, 0, 0, 0, 0, 0, 0], "left_behind": ["turd", "plain", "plain", "plain", "turd", "egg", "plain", "turd", "plain", "plain", "plain", "plain", "plain", "egg", "plain", "turd", "turd", "plain", "plain", "plain", "plain", "turd", "plain", "turd", "plain", "plain", "plain", "turd", "plain", "plain", "turd", "plain", "turd", "plain", "plain", "plain", "plain", "plain", "plain", "egg", "plain", "plain", "plain", "plain", "egg", "plain", "plain", "plain", "egg", "plain", "plain", "plain", "plain", "plain", "plain", "egg", "plain", "plain", "plain"], "errlog_a": "", "errlog_b": "Timeout", "start_time": 360, "start_moves": 40, "turn_count": 59, "result": 0, "reason": "CODE_CRASH", "trapdoors": [[4, 4], [2, 5]], "spawn_a": [0, 2], "spawn_b": [7, 2]}